DELETE FROM  SCHEDULE;
DELETE FROM  TRAINER_BATCH ;
DELETE FROM  TRAINER ;
DELETE FROM  TRAINEE_BATCH ;
DELETE FROM  TRAINEE ;
DELETE FROM  COURSE_SECTION ;
DELETE FROM  BATCH ;

DELETE FROM  SECTION ;
DELETE FROM  COURSE ;
DELETE FROM  USERS;
DELETE FROM  ADDRESS ;
DELETE FROM  ROLE ;



INSERT INTO ROLE(ROLE_ID,ROLE_NAME,NOTE) VALUES('role1','ADMIN','Admin role user can insert,delete and update records in all tables');
INSERT INTO ROLE(ROLE_ID,ROLE_NAME,NOTE) VALUES('role2','TRAINER','Trainer role user can insert,delete and update records in batch_trainer ,schedule tables');
INSERT INTO ROLE(ROLE_ID,ROLE_NAME,NOTE) VALUES('role3','TRAINEE','Trainee role user can insert,delete and update records in only schedule table');
INSERT INTO ROLE(ROLE_ID,ROLE_NAME,NOTE) VALUES('role4','MANAGEMENT','Managgement role user can request reports for all tables');

INSERT INTO ADDRESS(ID,ADDR_L1,ADDR_L2,CITY,STATE,COUNTRY,ZIPCODE) VALUES(1,'111','Berry','Edison','NJ','USA','08819');
INSERT INTO ADDRESS(ID,ADDR_L1,ADDR_L2,CITY,STATE,COUNTRY,ZIPCODE) VALUES(2,'122','Central','Metro','NJ','USA','08819');

INSERT INTO USERS(ID,LOGIN_ID,PASSWORD,ROLE_ID,FIRST_NAME,LAST_NAME,MIDDLE_NAME,DATE_OF_BIRTH,EMAIL_ID,LEGAL_STATUS,CELL_NO,HOME_NO,OFFICE_NO,
		HI_QUALIFICATION,HOME_ADDRESS_ID,OFFICE_ADDRESS_ID,JOIN_DATE,GENDER,NOTE,CREATE_DATE)
		VALUES(501,'venkat2015','password','role1','Venkat','V','K','01/JAN/1974','venkat.v@gmail.com','GC','201-123-1234','201-231-4321','201-111-22222',
		'Masters',1,2,'01/FEB/2015','Male','this is the admin id',sysdate);

INSERT INTO ADDRESS(ID,ADDR_L1,ADDR_L2,CITY,STATE,COUNTRY,ZIPCODE) VALUES(3,'123','Plainfield','Piscataway','NJ','USA','08829');
INSERT INTO ADDRESS(ID,ADDR_L1,ADDR_L2,CITY,STATE,COUNTRY,ZIPCODE) VALUES(4,'122','Central','Metro','NJ','USA','08819');

INSERT INTO USERS(ID,LOGIN_ID,PASSWORD,ROLE_ID,FIRST_NAME,LAST_NAME,MIDDLE_NAME,DATE_OF_BIRTH,EMAIL_ID,LEGAL_STATUS,CELL_NO,HOME_NO,OFFICE_NO,
		HI_QUALIFICATION,HOME_ADDRESS_ID,OFFICE_ADDRESS_ID,JOIN_DATE,GENDER,NOTE,CREATED_ID,CREATE_DATE)
		VALUES(502,'malik2015','password','role2','Malik','A','S','01/JAN/1974','malik.v@gmail.com','GC','201-555-1234','201-999-4321','201-111-22222',
		'Masters',3,4,'01/FEB/2015','Male','this is the trainer id',501,sysdate);

INSERT INTO ADDRESS(ID,ADDR_L1,ADDR_L2,CITY,STATE,COUNTRY,ZIPCODE) VALUES(5,'200','Forest','Edison','NJ','USA','08809');


INSERT INTO USERS(ID,LOGIN_ID,PASSWORD,ROLE_ID,FIRST_NAME,LAST_NAME,DATE_OF_BIRTH,EMAIL_ID,LEGAL_STATUS,CELL_NO,HOME_NO,
		HI_QUALIFICATION,HOME_ADDRESS_ID,JOIN_DATE,GENDER,NOTE,CREATED_ID,CREATE_DATE)
		VALUES(503,'rani2015','password','role3','Aruna','A','01/JAN/1977','rani2015@gmail.com','H4','201-555-2222','201-999-4444',
		'BTech',5,'05/MAY/2015','Female','this is the trainee id',501,sysdate);

INSERT INTO ADDRESS(ID,ADDR_L1,ADDR_L2,CITY,STATE,COUNTRY,ZIPCODE) VALUES(6,'300','Forest','Edison','NJ','USA','08809');


INSERT INTO USERS(ID,LOGIN_ID,PASSWORD,ROLE_ID,FIRST_NAME,LAST_NAME,DATE_OF_BIRTH,EMAIL_ID,LEGAL_STATUS,CELL_NO,HOME_NO,
		HI_QUALIFICATION,HOME_ADDRESS_ID,JOIN_DATE,GENDER,NOTE,CREATED_ID,CREATE_DATE)
		VALUES(504,'anitha2015','password','role3','Anitha','Sadanala','01/JAN/1977','anitha2015@gmail.com','H4','201-666-2222','201-111-4444',
		'BL',6,'05/MAY/2015','Female','this is the trainee id',501,sysdate);

INSERT INTO ADDRESS(ID,ADDR_L1,ADDR_L2,CITY,STATE,COUNTRY,ZIPCODE) VALUES(7,'240','RassBerry','Edison','NJ','USA','08819');


INSERT INTO USERS(ID,LOGIN_ID,PASSWORD,ROLE_ID,FIRST_NAME,LAST_NAME,DATE_OF_BIRTH,EMAIL_ID,LEGAL_STATUS,CELL_NO,HOME_NO,
		HI_QUALIFICATION,HOME_ADDRESS_ID,JOIN_DATE,GENDER,NOTE,CREATED_ID,CREATE_DATE)
		VALUES(505,'uma2015','password','role3','Uma','K','01/JAN/1978','uma2015@gmail.com','H4','201-696-2299','201-156-4894',
		'BE',7,'05/MAY/2015','Female','this is the trainee id',501,sysdate);

INSERT INTO ADDRESS(ID,ADDR_L1,ADDR_L2,CITY,STATE,COUNTRY,ZIPCODE) VALUES(8,'340','Berry','Edison','NJ','USA','08819');


INSERT INTO USERS(ID,LOGIN_ID,PASSWORD,ROLE_ID,FIRST_NAME,LAST_NAME,DATE_OF_BIRTH,EMAIL_ID,LEGAL_STATUS,CELL_NO,HOME_NO,
		HI_QUALIFICATION,HOME_ADDRESS_ID,JOIN_DATE,GENDER,NOTE,CREATED_ID,CREATE_DATE)
		VALUES(506,'vijaya2015','password','role3','Vijaya','P','01/JAN/1989','vijaya2015@gmail.com','EAD','201-696-2569','201-156-5694',
		'MTech',8,'05/MAY/2015','Female','this is the trainee id',501,sysdate);



INSERT INTO COURSE(Id,NAME,DESCRIPTION,STATUS,FEE,NOTE,CREATED_ID,CREATE_DATE)
		VALUES('C201','JAVA','JAVA Programming language','ACTIVE',1200,'This is a course for java programmer',501,sysdate);

INSERT INTO COURSE(Id,NAME,DESCRIPTION,STATUS,FEE,NOTE,CREATED_ID,CREATE_DATE)
		VALUES('C202','REPORTING','Reporting tools','ACTIVE',1000,'This is a course for Reporting tools',501,sysdate);



INSERT INTO SECTION(ID,NAME,DESCRIPTION,STATUS,NOTE,CREATED_ID,CREATE_DATE)
			VALUES(1,'Introduction','Details about the course','ACTIVE','details about the course ',501,sysdate);


INSERT INTO SECTION(ID,NAME,DESCRIPTION,STATUS,CREATED_ID,CREATE_DATE)
			VALUES(2,'SQL','Structure Query Language','ACTIVE',501,sysdate);

INSERT INTO SECTION(ID,NAME,DESCRIPTION,STATUS,CREATED_ID,CREATE_DATE)
			VALUES(3,'BO','Business Objects','ACTIVE',501,sysdate);

INSERT INTO SECTION(ID,NAME,DESCRIPTION,STATUS,CREATED_ID,CREATE_DATE)
			VALUES(4,'Cognos','Cognos reporting tool','ACTIVE',501,sysdate);

INSERT INTO SECTION(ID,NAME,DESCRIPTION,STATUS,CREATED_ID,CREATE_DATE)
			VALUES(5,'Core Java','Java Basics','ACTIVE',501,sysdate);

INSERT INTO SECTION(ID,NAME,DESCRIPTION,STATUS,CREATED_ID,CREATE_DATE)
			VALUES(6,'Spring','Advanced concepts about spring','ACTIVE',501,sysdate);

INSERT INTO SECTION(ID,NAME,DESCRIPTION,STATUS,CREATED_ID,CREATE_DATE)
			VALUES(7,'Hibernate','Database concepts of hibernate','ACTIVE',501,sysdate);


INSERT INTO COURSE_SECTION(ID,COURSE_ID,SECTION_ID,COURSE_SECTION_STATUS,CREATED_ID,CREATE_DATE)
			VALUES(1,'C201',1,'ACTIVE',501,sysdate);

INSERT INTO COURSE_SECTION(ID,COURSE_ID,SECTION_ID,COURSE_SECTION_STATUS,CREATED_ID,CREATE_DATE)
			VALUES(2,'C201',2,'ACTIVE',501,sysdate);

INSERT INTO COURSE_SECTION(ID,COURSE_ID,SECTION_ID,COURSE_SECTION_STATUS,CREATED_ID,CREATE_DATE)
			VALUES(3,'C201',5,'ACTIVE',501,sysdate);

INSERT INTO COURSE_SECTION(ID,COURSE_ID,SECTION_ID,COURSE_SECTION_STATUS,CREATED_ID,CREATE_DATE)
			VALUES(4,'C201',6,'ACTIVE',501,sysdate);

INSERT INTO COURSE_SECTION(ID,COURSE_ID,SECTION_ID,COURSE_SECTION_STATUS,CREATED_ID,CREATE_DATE)
			VALUES(5,'C201',7,'ACTIVE',501,sysdate);

INSERT INTO COURSE_SECTION(ID,COURSE_ID,SECTION_ID,COURSE_SECTION_STATUS,CREATED_ID,CREATE_DATE)
			VALUES(6,'C202',1,'ACTIVE',501,sysdate);

INSERT INTO COURSE_SECTION(ID,COURSE_ID,SECTION_ID,COURSE_SECTION_STATUS,CREATED_ID,CREATE_DATE)
			VALUES(7,'C202',2,'ACTIVE',501,sysdate);


INSERT INTO COURSE_SECTION(ID,COURSE_ID,SECTION_ID,COURSE_SECTION_STATUS,CREATED_ID,CREATE_DATE)
			VALUES(8,'C202',3,'ACTIVE',501,sysdate);

INSERT INTO COURSE_SECTION(ID,COURSE_ID,SECTION_ID,COURSE_SECTION_STATUS,CREATED_ID,CREATE_DATE)
			VALUES(9,'C202',4,'ACTIVE',501,sysdate);


INSERT INTO BATCH(BATCH_ID,BATCH_DESC,COURSE_ID,BATCH_STATUS,BATCH_FEE,START_DATE,END_DATE,NOTE,CREATED_ID,CREATE_DATE) 
			VALUES('B001','Advance Java Batch','C201','ACTIVE',1200,'05/MAY/2015','20/AUG/2005','advance java batch',501,sysdate);

INSERT INTO BATCH(BATCH_ID,BATCH_DESC,COURSE_ID,BATCH_STATUS,BATCH_FEE,START_DATE,END_DATE,NOTE,CREATED_ID,CREATE_DATE) 
			VALUES('B002','Reporting Batch','C202','ACTIVE',1000,'05/MAY/2015','20/AUG/2005','advance reporting batch',501,sysdate);



INSERT INTO TRAINEE(TRAINEE_ID,SKILL,EXPERIENCE,PREV_COMPANY,CREATED_ID,CREATE_DATE)
			VALUES(503,'JAVA','7 years','syntel',501,sysdate);

INSERT INTO TRAINEE(TRAINEE_ID,SKILL,EXPERIENCE,PREV_COMPANY,CREATED_ID,CREATE_DATE)
			VALUES(504,'SQL','3 years','syntel',501,sysdate);

INSERT INTO TRAINEE(TRAINEE_ID,SKILL,EXPERIENCE,PREV_COMPANY,CREATED_ID,CREATE_DATE)
			VALUES(505,'SQL','3 years','syntel',501,sysdate);
INSERT INTO TRAINEE(TRAINEE_ID,SKILL,EXPERIENCE,PREV_COMPANY,CREATED_ID,CREATE_DATE)
			VALUES(506,'JAVA','2 years','syntel',501,sysdate);


INSERT INTO TRAINEE_BATCH(BATCH_ID,TRAINEE_ID,FEE,CREATED_ID,CREATE_DATE)
			VALUES('B001',503,1200,501,sysdate);
INSERT INTO TRAINEE_BATCH(BATCH_ID,TRAINEE_ID,FEE,CREATED_ID,CREATE_DATE)
			VALUES('B002',504,1000,501,sysdate);
INSERT INTO TRAINEE_BATCH(BATCH_ID,TRAINEE_ID,FEE,CREATED_ID,CREATE_DATE)
			VALUES('B002',505,1000,501,sysdate);
INSERT INTO TRAINEE_BATCH(BATCH_ID,TRAINEE_ID,FEE,CREATED_ID,CREATE_DATE)
			VALUES('B001',506,1200,501,sysdate);

INSERT INTO TRAINER(TRAINER_ID,COURSE_SECTION_ID,FEE,CREATED_ID,CREATE_DATE)
			VALUES(502,1,200,501,sysdate);
INSERT INTO TRAINER(TRAINER_ID,COURSE_SECTION_ID,FEE,CREATED_ID,CREATE_DATE)
			VALUES(502,2,200,501,sysdate);
INSERT INTO TRAINER(TRAINER_ID,COURSE_SECTION_ID,FEE,CREATED_ID,CREATE_DATE)
			VALUES(502,3,200,501,sysdate);
INSERT INTO TRAINER(TRAINER_ID,COURSE_SECTION_ID,FEE,CREATED_ID,CREATE_DATE)
			VALUES(502,4,200,501,sysdate);
INSERT INTO TRAINER(TRAINER_ID,COURSE_SECTION_ID,FEE,CREATED_ID,CREATE_DATE)
			VALUES(502,5,200,501,sysdate);
INSERT INTO TRAINER(TRAINER_ID,COURSE_SECTION_ID,FEE,CREATED_ID,CREATE_DATE)
			VALUES(502,6,200,501,sysdate);
INSERT INTO TRAINER(TRAINER_ID,COURSE_SECTION_ID,FEE,CREATED_ID,CREATE_DATE)
			VALUES(502,7,200,501,sysdate);
INSERT INTO TRAINER(TRAINER_ID,COURSE_SECTION_ID,FEE,CREATED_ID,CREATE_DATE)
			VALUES(502,8,200,501,sysdate);
INSERT INTO TRAINER(TRAINER_ID,COURSE_SECTION_ID,FEE,CREATED_ID,CREATE_DATE)
			VALUES(502,9,200,501,sysdate);

INSERT INTO TRAINER_BATCH(BATCH_ID,TRAINER_ID,COURSE_SECTION_ID,FEE,CREATED_ID,CREATE_DATE)
			VALUES('B001',502,1,200,501,sysdate);
INSERT INTO TRAINER_BATCH(BATCH_ID,TRAINER_ID,COURSE_SECTION_ID,FEE,CREATED_ID,CREATE_DATE)
			VALUES('B001',502,2,200,501,sysdate);
INSERT INTO TRAINER_BATCH(BATCH_ID,TRAINER_ID,COURSE_SECTION_ID,FEE,CREATED_ID,CREATE_DATE)
			VALUES('B001',502,3,200,501,sysdate);
INSERT INTO TRAINER_BATCH(BATCH_ID,TRAINER_ID,COURSE_SECTION_ID,FEE,CREATED_ID,CREATE_DATE)
			VALUES('B001',502,4,200,501,sysdate);
INSERT INTO TRAINER_BATCH(BATCH_ID,TRAINER_ID,COURSE_SECTION_ID,FEE,CREATED_ID,CREATE_DATE)
			VALUES('B001',502,5,200,501,sysdate);



INSERT INTO TRAINER_BATCH(BATCH_ID,TRAINER_ID,COURSE_SECTION_ID,FEE,CREATED_ID,CREATE_DATE)
			VALUES('B002',502,6,200,501,sysdate);

INSERT INTO TRAINER_BATCH(BATCH_ID,TRAINER_ID,COURSE_SECTION_ID,FEE,CREATED_ID,CREATE_DATE)
			VALUES('B002',502,7,200,501,sysdate);


INSERT INTO TRAINER_BATCH(BATCH_ID,TRAINER_ID,COURSE_SECTION_ID,FEE,CREATED_ID,CREATE_DATE)
			VALUES('B002',502,8,200,501,sysdate);

INSERT INTO TRAINER_BATCH(BATCH_ID,TRAINER_ID,COURSE_SECTION_ID,FEE,CREATED_ID,CREATE_DATE)
			VALUES('B002',502,9,200,501,sysdate);

INSERT INTO SCHEDULE(ID,BATCH_ID,USER_ID,COURSE_SECTION_ID,SCHEDULE_DATE,DURATION,CREATED_ID,CREATE_DATE)
			VALUES(SCHEDULE_SEQ.NEXTVAL,'B001',502,1,'20/MAY/2015',30,502,sysdate);

INSERT INTO SCHEDULE(ID,BATCH_ID,USER_ID,COURSE_SECTION_ID,SCHEDULE_DATE,DURATION,CREATED_ID,CREATE_DATE)
			VALUES(SCHEDULE_SEQ.NEXTVAL,'B002',502,1,'20/MAY/2015',30,502,sysdate);

INSERT INTO SCHEDULE(ID,BATCH_ID,USER_ID,COURSE_SECTION_ID,SCHEDULE_DATE,DURATION,CREATED_ID,CREATE_DATE)
			VALUES(SCHEDULE_SEQ.NEXTVAL,'B001',503,1,'20/MAY/2015',30,503,sysdate);

INSERT INTO SCHEDULE(ID,BATCH_ID,USER_ID,COURSE_SECTION_ID,SCHEDULE_DATE,DURATION,CREATED_ID,CREATE_DATE)
			VALUES(SCHEDULE_SEQ.NEXTVAL,'B001',504,1,'20/MAY/2015',30,504,sysdate);

INSERT INTO SCHEDULE(ID,BATCH_ID,USER_ID,COURSE_SECTION_ID,SCHEDULE_DATE,DURATION,CREATED_ID,CREATE_DATE)
			VALUES(SCHEDULE_SEQ.NEXTVAL,'B001',505,1,'20/MAY/2015',30,505,sysdate);
INSERT INTO SCHEDULE(ID,BATCH_ID,USER_ID,COURSE_SECTION_ID,SCHEDULE_DATE,DURATION,CREATED_ID,CREATE_DATE)
			VALUES(SCHEDULE_SEQ.NEXTVAL,'B001',506,1,'20/MAY/2015',30,506,sysdate);

commit;